distribution_1,distribution_2,loglikelihood_ratio,p_value
power_law,truncated_power_law,-2.01503249074014,0.044696219306913254
power_law,lognormal,-1.4986983293654008,0.27695038914770165
power_law,exponential,9.39555416668346,0.14458753503170957
truncated_power_law,lognormal,0.5163341613747181,0.04148664910264594
truncated_power_law,exponential,11.410586657423641,0.024377489201659566
lognormal,exponential,10.894252496048919,0.03352174856482473
